Geographic area,Indicator,Sex,2022,2021,2020,2019,2018,2017,2016,2015,2014,2013,2012
Afghanistan,"Net migration rate (per 1,000 population)",Total,-1.6,-4.569,4.289,-0.214,-1.286,-1.32,-2.602,-8.31,7.842,1.525,3.481
Albania,"Net migration rate (per 1,000 population)",Total,-2.81,-3.71,-3.175,-3.088,-3.16,-3.387,-3.772,-4.238,-4.934,-5.817,-6.872
Algeria,"Net migration rate (per 1,000 population)",Total,-0.223,-0.425,-0.433,-0.852,-0.864,-0.886,-0.898,-0.919,-0.93,-0.931,-0.942
American Samoa,"Net migration rate (per 1,000 population)",Total,-18.13,-35.895,-34.806,-34.28,-33.557,-32.86,-32.018,-31.227,-30.225,-29.292,-28.246
Andorra,"Net migration rate (per 1,000 population)",Total,2.505,17.556,19.124,16.329,15.875,12.091,18.108,-3.227,-1.172,0.168,0.465
Angola,"Net migration rate (per 1,000 population)",Total,-0.028,0.843,0.226,1.824,1.972,2.576,3.147,2.64,3.12,3.506,3.82
Anguilla,"Net migration rate (per 1,000 population)",Total,0,7.07,8.44,11.708,6.609,7.151,10.995,18.97,28.903,20.354,1.637
Antigua and Barbuda,"Net migration rate (per 1,000 population)",Total,0,0,0,0,0,0,0.177,0.667,1.211,1.765,2.319
Argentina,"Net migration rate (per 1,000 population)",Total,0.085,0.052,0.052,0.1,0.106,0.112,0.119,0.128,0.135,0.127,0.075
Armenia,"Net migration rate (per 1,000 population)",Total,-1.797,-4.585,-4.562,-8.953,-9.068,-9.192,-9.31,-9.438,-9.558,-9.692,-9.806
Aruba,"Net migration rate (per 1,000 population)",Total,1.542,4.715,0,3.879,3.47,2.069,1.621,1.698,0.849,1.303,2.245
Australia,"Net migration rate (per 1,000 population)",Total,5.362,4.56,4.605,9.345,8.857,10.008,10.06,8.833,8.479,9.327,10.423
Austria,"Net migration rate (per 1,000 population)",Total,2.24,2.279,2.283,4.64,4.013,5.194,7.615,13.409,8.727,6.684,5.339
Azerbaijan,"Net migration rate (per 1,000 population)",Total,0,0.105,0.105,0.038,0.156,0.118,0.149,0.11,0.111,0.238,0.21
Bahamas,"Net migration rate (per 1,000 population)",Total,2.442,1.19,0,2.477,2.494,2.512,2.532,2.553,2.574,2.601,2.747
Bahrain,"Net migration rate (per 1,000 population)",Total,0,-6.235,-32.447,-11.4,-2.418,20.124,20.826,21.708,28.089,21.81,9.638
Bangladesh,"Net migration rate (per 1,000 population)",Total,-1.809,-1.03,-0.365,-2.076,-1.974,-1.086,-0.344,-1.814,-1.407,-1.259,-1.59
Barbados,"Net migration rate (per 1,000 population)",Total,-0.284,-0.1,0,-0.232,-0.232,-0.233,-0.233,-0.234,-0.234,-0.235,-0.232
Belarus,"Net migration rate (per 1,000 population)",Total,3.184,1.354,1.412,1.56,1.624,1.644,1.573,1.411,1.262,1.083,0.973
Belgium,"Net migration rate (per 1,000 population)",Total,2.061,4.519,4.632,4.737,4.854,4.953,5.03,5.081,5.122,5.125,5.11
Belize,"Net migration rate (per 1,000 population)",Total,1.481,1.443,0,2.998,3.106,3.266,3.499,3.795,4.129,4.372,4.546
Benin,"Net migration rate (per 1,000 population)",Total,-0.015,0.133,0.137,0.274,0.282,0.32,0.34,0.308,0.345,-0.087,0.126
Bermuda,"Net migration rate (per 1,000 population)",Total,0,4.544,4.555,4.555,4.827,3.595,0,-4.976,-3.672,-3.991,-3.817
Bhutan,"Net migration rate (per 1,000 population)",Total,0.383,0.374,0.377,0.379,0.382,0.385,-0.695,-1.574,-1.181,-1.001,-1.005
Bolivia (Plurinational State of),"Net migration rate (per 1,000 population)",Total,-0.245,-0.386,-0.391,-0.762,-0.805,-0.845,-0.894,-0.949,-1.005,-1.058,-1.105
"Bonaire, Sint Eustatius and Saba","Net migration rate (per 1,000 population)",Total,3.707,19.086,20.898,20.786,22.152,20.861,22.599,21.647,21.947,22.383,22.831
Bosnia and Herzegovina,"Net migration rate (per 1,000 population)",Total,-0.155,-7.878,-8.062,-8.254,-8.538,-8.876,-9.207,-9.595,-9.951,-10.186,-17.921
Botswana,"Net migration rate (per 1,000 population)",Total,1.141,0.702,0.713,1.174,1.559,1.567,1.331,0.931,0.504,0.212,0.224
Brazil,"Net migration rate (per 1,000 population)",Total,0.03,0.095,0.267,0.327,0.323,0.27,0.399,0.023,0.123,0.175,0.217
British Virgin Islands,"Net migration rate (per 1,000 population)",Total,6.409,4.121,8.84,8.3,7.311,9.395,9.295,10.337,9.009,5.739,4.304
Brunei Darussalam,"Net migration rate (per 1,000 population)",Total,0,-0.431,-0.894,-1.339,-1.468,-1.363,-1.265,-1.15,-1.065,-0.959,-0.841
Bulgaria,"Net migration rate (per 1,000 population)",Total,-0.708,-1.265,-1.418,-1.621,-1.701,-1.886,-2.061,-2.099,-2.104,-2.049,-1.837
Burkina Faso,"Net migration rate (per 1,000 population)",Total,-1.102,-0.592,-0.263,-1.206,-1.175,-0.746,-0.394,-1.055,-0.991,-1.885,-1.224
Burundi,"Net migration rate (per 1,000 population)",Total,0.155,-1.148,-0.833,1.2,5.947,-6.118,-9.995,-21.799,-0.653,-0.226,2.311
Cabo Verde,"Net migration rate (per 1,000 population)",Total,-2.115,-2.165,-2.184,-2.244,-2.314,-2.394,-2.518,-2.666,-2.805,-2.932,-3.041
Cambodia,"Net migration rate (per 1,000 population)",Total,-1.787,-1.462,-1.36,-3.425,-3.22,-2.884,-2.594,-3.385,-3.212,-3.112,-2.971
Cameroon,"Net migration rate (per 1,000 population)",Total,-0.172,-0.363,-0.373,-0.475,-0.366,-1.553,0.559,1.827,4.341,-0.319,-0.358
Canada,"Net migration rate (per 1,000 population)",Total,6.485,5.129,5.165,10.501,11.351,9.933,8.915,6.535,5.542,6.94,7.096
Cayman Islands,"Net migration rate (per 1,000 population)",Total,5.839,4.058,11.439,14.83,16.395,17.572,17.474,17.897,16.603,16.764,15.907
Central African Republic,"Net migration rate (per 1,000 population)",Total,-3.125,-15.606,-4.63,-7.065,-10.363,-11.683,-10.698,-13.032,-35.722,-23.187,-23.196
Chad,"Net migration rate (per 1,000 population)",Total,-0.113,0.525,0.542,-0.587,2.994,1.122,1.477,-3.453,1.522,3.933,0.746
Chile,"Net migration rate (per 1,000 population)",Total,-3.404,5.85,5.113,12.162,12.774,11.759,7.022,3.123,2.985,2.091,1.785
China,"Net migration rate (per 1,000 population)",Total,-0.218,-0.14,-0.024,-0.213,-0.209,-0.128,-0.109,-0.112,-0.143,-0.1,-0.091
"China, Hong Kong Special Administrative Region","Net migration rate (per 1,000 population)",Total,2.674,0,0,0,0,0,0,1.765,3.046,3.397,5.012
"China, Macao Special Administrative Region","Net migration rate (per 1,000 population)",Total,7.218,5.851,12.568,13.018,12.712,12.176,11.17,10.56,10.033,10.244,10.616
Colombia,"Net migration rate (per 1,000 population)",Total,-3.232,4.123,4.515,7.918,10.083,8.633,1.681,-0.871,-1.445,-1.398,-1.221
Comoros,"Net migration rate (per 1,000 population)",Total,-2.387,-2.154,-2.196,-3.681,-3.753,-3.829,-1.521,-1.846,-2.193,-2.532,-2.873
Congo,"Net migration rate (per 1,000 population)",Total,-0.167,-0.765,-0.783,-1.125,-1.627,-2.182,-2.847,-3.591,-4.359,-5.084,-5.635
Cook Islands,"Net migration rate (per 1,000 population)",Total,-5.862,-9.365,-9.351,-16.12,-17.131,-17.778,-18.847,-17.031,-16.7,-16.332,-15.817
Costa Rica,"Net migration rate (per 1,000 population)",Total,0.743,0.404,0.407,0.818,0.833,0.841,0.84,0.831,0.825,0.825,0.841
Croatia,"Net migration rate (per 1,000 population)",Total,-0.496,-2.559,-2.826,-3.018,-3.161,-3.252,-3.207,-3.147,-2.995,-2.743,-2.407
Cuba,"Net migration rate (per 1,000 population)",Total,-0.535,-0.628,-0.625,-1.209,-1.254,-1.278,-1.274,-1.267,-1.283,-1.351,-1.549
Curaçao,"Net migration rate (per 1,000 population)",Total,2.697,2.641,5.282,-48.446,148.794,3.125,3.798,4.991,6.36,7.742,9.004
Cyprus,"Net migration rate (per 1,000 population)",Total,4.003,1.605,2.426,4.035,4.092,4.158,4.08,3.928,3.802,3.801,4.149
Czechia,"Net migration rate (per 1,000 population)",Total,2.1,0.345,0.344,0.383,0.303,0.267,-0.028,0.503,0.476,-0.148,0.981
Côte d'Ivoire,"Net migration rate (per 1,000 population)",Total,0.213,-0.764,-0.459,-0.593,-0.674,-0.754,-0.832,-0.911,-1,-6.587,-6.528
Democratic People's Republic of Korea,"Net migration rate (per 1,000 population)",Total,-0.077,-0.061,-0.061,-0.122,-0.126,-0.126,-0.127,-0.127,-0.121,-0.117,-0.117
Democratic Republic of the Congo,"Net migration rate (per 1,000 population)",Total,-0.151,-0.674,-0.018,-1.61,-1.425,0.052,2.126,0.608,0.486,1.649,-0.356
Denmark,"Net migration rate (per 1,000 population)",Total,3.406,3.893,3.969,4.029,4.055,4.05,4.013,3.947,3.842,3.701,3.53
Djibouti,"Net migration rate (per 1,000 population)",Total,0.803,0.671,0.683,1.232,1.358,1.477,1.587,1.714,1.923,2.094,2.207
Dominica,"Net migration rate (per 1,000 population)",Total,-0.55,0.787,1.39,4.574,2.743,2.66,2.558,-5.597,21.052,-6.446,2.296
Dominican Republic,"Net migration rate (per 1,000 population)",Total,-2.606,-1.345,-1.36,-2.738,-2.778,-2.819,-2.863,-2.909,-2.957,-3.004,-3.047
East Asia and Pacific,"Net migration rate (per 1,000 population)",Total,-0.097,-0.007,0.064,0.087,0.075,0.166,0.222,0.21,0.119,0.173,0.204
East Asia and Pacific,"Net migration rate (per 1,000 population)",Total,-0.251,-0.152,-0.054,-0.222,-0.217,-0.106,-0.038,-0.114,-0.231,-0.167,-0.129
Eastern Europe and Central Asia,"Net migration rate (per 1,000 population)",Total,-11.094,0.199,0.228,-0.43,-0.643,-0.602,0.947,0.981,1.49,1.003,0.772
Eastern and Southern Africa,"Net migration rate (per 1,000 population)",Total,-0.414,-0.186,-0.078,-0.068,-0.423,-0.626,-1.928,0.672,-0.458,-0.424,-0.531
Eastern and Southern Africa,"Net migration rate (per 1,000 population)",Total,-0.433,-0.176,-0.086,-0.02,-0.601,-1.052,-2.287,0.628,-0.676,-0.053,-0.076
Ecuador,"Net migration rate (per 1,000 population)",Total,-1.122,2.019,2.043,4.149,9.055,2.961,1.648,0.911,0.143,-0.391,-0.506
Egypt,"Net migration rate (per 1,000 population)",Total,-0.27,-0.296,0.042,-0.565,-0.588,-0.229,0.041,-0.81,0.062,1.751,-0.023
El Salvador,"Net migration rate (per 1,000 population)",Total,-3.662,-4.321,-3.999,-8.742,-8.593,-8.046,-7.572,-8.197,-7.881,-7.904,-8.172
Equatorial Guinea,"Net migration rate (per 1,000 population)",Total,2.391,3.976,0,9.507,10.428,11.365,12.304,13.222,14.033,14.659,15.072
Eritrea,"Net migration rate (per 1,000 population)",Total,-4.644,-4.131,-4.205,-8.494,-6.201,-11.309,-16.366,-15.76,-22.558,-10.269,-13.235
Estonia,"Net migration rate (per 1,000 population)",Total,-0.754,2.257,2.256,4.085,5.482,4.053,0.885,3.282,-0.427,-2.009,-2.753
Eswatini,"Net migration rate (per 1,000 population)",Total,-4.76,-4.099,-4.139,-8.341,-8.544,-8.758,-8.971,-9.187,-9.359,-9.489,-9.587
Ethiopia,"Net migration rate (per 1,000 population)",Total,-0.097,-0.012,0.332,-0.095,0.084,0.663,1.1,0.613,1.034,0.834,1.266
Europe and Central Asia,"Net migration rate (per 1,000 population)",Total,-19.313,-0.91,-0.95,-1.965,-2.302,-2.299,-0.126,-0.075,0.951,0.172,-0.124
Falkland Islands (Malvinas),"Net migration rate (per 1,000 population)",Total,0,1.064,1.069,10.577,10.738,10.903,28.325,19.533,19.081,18.586,10.372
Faroe Islands,"Net migration rate (per 1,000 population)",Total,0,0,9.54,11.281,12.899,12.456,10.902,11.169,-2.288,-2.434,-3.073
Fiji,"Net migration rate (per 1,000 population)",Total,-3.818,-6.472,-6.502,-12.836,-12.693,-12.55,-12.058,-11.973,-11.968,-11.97,-11.942
Finland,"Net migration rate (per 1,000 population)",Total,2.53,2.7,3.167,2.822,2.114,2.419,3.137,2.272,2.925,3.32,3.26
France,"Net migration rate (per 1,000 population)",Total,1.031,0.319,0.284,0.27,0.224,0.205,0.23,0.295,0.418,0.577,0.778
French Guiana,"Net migration rate (per 1,000 population)",Total,3.947,2.033,0,4.233,4.346,4.322,0,0,0,3.783,1.785
French Polynesia,"Net migration rate (per 1,000 population)",Total,-0.326,-1.243,-1.251,-2.869,-3.194,-3.535,-5.732,-5.728,-5.737,-6.88,-9.167
Gabon,"Net migration rate (per 1,000 population)",Total,0.419,0.648,0.661,0.995,1.321,1.88,3.551,5.953,8.457,10.345,10.931
Gambia,"Net migration rate (per 1,000 population)",Total,-1.108,-0.742,-0.761,-1.667,-1.608,-1.55,-1.499,-1.43,-1.277,-1.169,-1.135
Georgia,"Net migration rate (per 1,000 population)",Total,-2.667,-0.727,-0.726,-1.435,-1.371,-2.089,-2.805,-3.525,-4.241,-7.153,-6.944
Germany,"Net migration rate (per 1,000 population)",Total,1.856,3.757,4.017,4.346,4.747,5.228,5.26,4.86,4.518,4.203,3.896
Ghana,"Net migration rate (per 1,000 population)",Total,-0.299,-0.343,-0.009,-0.693,-0.627,-0.163,0.237,-0.461,-0.224,-0.087,0.038
Gibraltar,"Net migration rate (per 1,000 population)",Total,-0.735,-1.774,-1.772,-1.773,-1.775,-1.778,-3.099,-3.099,-3.106,-3.112,9.308
Greece,"Net migration rate (per 1,000 population)",Total,0.482,-1.417,-1.697,-2.039,-2.217,-2.341,-2.53,-2.709,-2.779,-2.886,-2.736
Greenland,"Net migration rate (per 1,000 population)",Total,-1.77,-1.102,-2.674,-6.025,-6.362,-6.824,-6.665,-6.204,-9.409,-8.698,-8.1
Grenada,"Net migration rate (per 1,000 population)",Total,-1.593,-0.682,0,-1.547,-1.558,-1.57,-1.583,-1.596,-1.609,-1.623,-1.758
Guadeloupe,"Net migration rate (per 1,000 population)",Total,-2.019,-1.61,0,-5.188,-5.333,-5.697,-6.994,-8.8,-10.555,-8.608,-7.317
Guam,"Net migration rate (per 1,000 population)",Total,-2.906,-1.43,-1.441,-10.924,-10.911,-10.928,-10.94,-10.966,-10.991,-11.032,-11.05
Guatemala,"Net migration rate (per 1,000 population)",Total,-0.511,-1.652,-1.332,-3.391,-3.371,-2.894,-2.407,-3.005,-2.568,-2.31,-2.151
Guinea,"Net migration rate (per 1,000 population)",Total,-0.289,-0.323,-0.33,-0.252,-0.732,-1.121,-1.189,-1.3,-2.005,-2.633,-3.039
Guinea-Bissau,"Net migration rate (per 1,000 population)",Total,-0.665,-0.677,-0.691,-0.708,-0.725,-0.743,-0.758,-0.778,-0.799,-0.821,-0.872
Guyana,"Net migration rate (per 1,000 population)",Total,-4.811,-5.35,1.007,-30.418,39.041,-7.973,-8.279,-8.603,-8.9,-9.205,-9.568
Haiti,"Net migration rate (per 1,000 population)",Total,-2.78,-2.877,-2.991,-3.098,-3.174,-3.195,-3.159,-3.09,-3.012,-2.953,-2.932
Holy See,"Net migration rate (per 1,000 population)",Total,27.855,0,0,0,0,0,0,0,0,0,0
Honduras,"Net migration rate (per 1,000 population)",Total,-0.515,-0.562,-0.612,-0.657,-0.691,-0.704,-0.706,-0.7,-0.69,-0.68,-0.67
Hungary,"Net migration rate (per 1,000 population)",Total,63.779,2.049,0.928,3.44,3.276,1.845,-0.1,1.44,1.173,0.535,1.619
Iceland,"Net migration rate (per 1,000 population)",Total,1.019,1.681,7.041,14.381,18.907,24.498,12.33,4.473,3.412,5.1,-0.947
India,"Net migration rate (per 1,000 population)",Total,-0.344,-0.215,-0.025,-0.429,-0.41,-0.162,0.051,-0.359,-0.238,-0.183,-0.142
Indonesia,"Net migration rate (per 1,000 population)",Total,-0.181,-0.055,-0.092,-0.15,-0.149,-0.149,-0.148,-0.147,-0.146,-0.145,-0.154
Iran (Islamic Republic of),"Net migration rate (per 1,000 population)",Total,-0.452,0.319,-1.794,-0.4,-0.35,0.091,0.285,7.712,8.201,0.298,0.254
Iraq,"Net migration rate (per 1,000 population)",Total,-0.135,-1.379,1.682,-0.719,0.164,-0.25,-1.952,-0.516,0.286,13.95,22.918
Ireland,"Net migration rate (per 1,000 population)",Total,1.993,3.077,3.102,5.964,6.984,6.139,4.032,2.818,0.154,-2.615,-4.809
Isle of Man,"Net migration rate (per 1,000 population)",Total,4.03,6.154,2.8,2.851,3.252,3.296,1.283,-2.76,-3.285,-3.275,-2.89
Israel,"Net migration rate (per 1,000 population)",Total,1.107,1.896,1.894,1.875,1.848,1.749,1.627,1.505,1.379,1.379,1.306
Italy,"Net migration rate (per 1,000 population)",Total,0.991,0.473,0.471,0.362,1.268,1.175,0.825,0.565,0.831,2.563,4.146
Jamaica,"Net migration rate (per 1,000 population)",Total,-3.883,-2.001,0,-4.018,-4.022,-4.027,-4.035,-4.045,-4.061,-4.077,-4.156
Japan,"Net migration rate (per 1,000 population)",Total,0.807,0.703,0.7,1.464,1.407,1.296,1.237,1.181,1.094,1.056,1.075
Jordan,"Net migration rate (per 1,000 population)",Total,-12.432,1.29,1.657,2.711,3.213,4.115,4.949,53.096,97.262,106.244,-20.067
Kazakhstan,"Net migration rate (per 1,000 population)",Total,0,-0.985,-0.655,-1.975,-1.711,-0.868,-0.412,-0.687,-0.358,0.468,0.529
Kenya,"Net migration rate (per 1,000 population)",Total,-0.185,-0.991,-0.329,-1.215,-2.308,-1.402,-0.62,-2.046,-1.579,-1.286,-0.981
Kiribati,"Net migration rate (per 1,000 population)",Total,-3.043,-2.294,-2.338,-5.546,-6.326,-6.715,-7.046,-7.282,-8.461,-8.393,-8.466
Kosovo,"Net migration rate (per 1,000 population)",Total,-3.008,-9.014,-8.968,-19.65,-19.769,-19.158,-17.771,-8.392,-31.38,-22.156,-8.423
Kuwait,"Net migration rate (per 1,000 population)",Total,2.815,-8.636,-56.639,2.049,34.157,34.698,-22.179,68.558,-22.316,53.555,57.935
Kyrgyzstan,"Net migration rate (per 1,000 population)",Total,-1.507,-2.526,-2.225,-5.406,-4.922,-4.531,-4.192,-4.969,-5.647,-6.48,-7.344
Lao People's Democratic Republic,"Net migration rate (per 1,000 population)",Total,-1.327,-1.387,-1.407,-1.428,-1.449,-1.485,-1.653,-1.912,-3.828,-3.819,-4.055
Latin America and Caribbean,"Net migration rate (per 1,000 population)",Total,-0.295,-0.409,-0.243,-0.622,-0.545,-0.351,-0.121,-0.585,-0.705,-0.801,-0.748
Latin America and Caribbean,"Net migration rate (per 1,000 population)",Total,-0.296,-0.41,-0.243,-0.624,-0.546,-0.352,-0.122,-0.586,-0.706,-0.802,-0.749
Latvia,"Net migration rate (per 1,000 population)",Total,-4.564,-3.63,-3.884,-4.115,-4.45,-4.847,-5.225,-5.587,-5.863,-6.135,-6.299
Least developed countries,"Net migration rate (per 1,000 population)",Total,-0.894,-0.474,0.09,-0.883,-1.023,-0.892,-0.488,-1.4,-1.221,-1.069,-1.412
Lebanon,"Net migration rate (per 1,000 population)",Total,-28.772,-20.377,-20.124,-40.261,-38.491,-37.107,-35.814,-34.36,49.165,138.069,24.318
Lesotho,"Net migration rate (per 1,000 population)",Total,-1.733,-0.653,-0.661,-1.342,-1.47,-1.532,-1.799,-1.947,-2.605,-3.106,-3.317
Liberia,"Net migration rate (per 1,000 population)",Total,-0.942,-2.281,-1.987,-3.943,-4.739,-5.163,-5.683,-3.289,-5.889,-4.956,-5.916
Libya,"Net migration rate (per 1,000 population)",Total,-0.294,-0.103,-0.105,-0.206,0.901,1.445,-0.809,-1.236,-0.281,4.313,0.889
Liechtenstein,"Net migration rate (per 1,000 population)",Total,3.821,5.921,4.886,4.637,5.066,4.551,4.661,3.784,4.675,5.315,5.139
Lithuania,"Net migration rate (per 1,000 population)",Total,-5.509,-4.245,-4.467,-4.692,-5.012,-5.473,-5.892,-6.36,-6.948,-7.495,-8.019
Luxembourg,"Net migration rate (per 1,000 population)",Total,8.096,10.928,11.088,16.861,16.747,16.168,21.723,20.176,20.313,19.623,19.508
Madagascar,"Net migration rate (per 1,000 population)",Total,-0.051,-0.026,-0.026,-0.054,0.018,0.019,0.019,0.02,0.02,0.021,0.021
Malawi,"Net migration rate (per 1,000 population)",Total,-0.294,-0.089,-0.092,-0.118,-0.202,-0.268,-0.316,-0.381,-0.625,-0.805,-0.866
Malaysia,"Net migration rate (per 1,000 population)",Total,1.445,1.376,1.733,1.856,1.872,2.451,3.105,2.598,3.101,3.395,3.831
Maldives,"Net migration rate (per 1,000 population)",Total,-15.181,2.283,2.207,13.35,21.836,25.002,27.205,29.178,30.538,17.098,17.33
Mali,"Net migration rate (per 1,000 population)",Total,-1.768,-1.014,-0.705,-2.157,-2.042,-1.758,-1.618,-2.698,-2.852,-2.409,-8.484
Malta,"Net migration rate (per 1,000 population)",Total,1.595,19.955,21.284,22.589,23.006,22.863,22.135,20.899,19.163,16.94,14.45
Marshall Islands,"Net migration rate (per 1,000 population)",Total,0,-44.231,-42.865,-41.631,-40.515,-39.505,-38.592,-37.765,-37.024,-36.363,-35.781
Martinique,"Net migration rate (per 1,000 population)",Total,-1.767,-3.929,-3.913,-8.056,-8.319,-8.616,-10.671,-11.395,0,-9.742,-11.096
Mauritania,"Net migration rate (per 1,000 population)",Total,0.633,-0.324,-0.332,-0.688,-0.699,-0.721,-0.742,-0.764,-0.776,-0.798,3.879
Mauritius,"Net migration rate (per 1,000 population)",Total,0,-0.368,-0.368,-0.797,-1.704,-1.837,-1.975,-2.122,-2.267,-2.424,-2.578
Mayotte,"Net migration rate (per 1,000 population)",Total,0,2.363,2.445,5.077,5.141,5.739,6.689,6.452,6.02,3.793,-0.965
Mexico,"Net migration rate (per 1,000 population)",Total,-0.403,-0.416,-0.079,-0.382,-0.802,-0.101,0.272,-0.684,-0.845,-0.867,-0.416
Micronesia (Federated States of),"Net migration rate (per 1,000 population)",Total,-5.241,-5.597,-5.648,-11.453,-11.5,-11.551,-12.187,-12.844,-13.502,-14.27,-14.975
Middle East and North Africa,"Net migration rate (per 1,000 population)",Total,0.645,-0.782,-3.573,0.228,0.834,-0.412,-0.4,0.95,0.91,1.286,0.539
Middle East and North Africa,"Net migration rate (per 1,000 population)",Total,0.562,-0.786,-3.349,0.125,0.897,-0.023,-0.194,0.969,1.016,0.772,-0.016
Monaco,"Net migration rate (per 1,000 population)",Total,5.499,5.631,5.595,11.297,11.297,11.296,11.284,28.105,27.734,27.467,27.903
Mongolia,"Net migration rate (per 1,000 population)",Total,-0.25,0,0,3.306,3.619,3.496,2.469,1.327,0.28,-0.536,-0.771
Montenegro,"Net migration rate (per 1,000 population)",Total,-0.765,-0.161,-2.106,-2.592,-3.2,-3.126,-3.328,-3.06,-2.742,-1.565,-1.001
Montserrat,"Net migration rate (per 1,000 population)",Total,0,-8.996,-20.655,24.947,46.806,-170.185,22.058,-8.265,14.349,6.205,11.515
Morocco,"Net migration rate (per 1,000 population)",Total,-1.067,-1.246,-0.921,-2.53,-2.475,-2.019,-1.63,-2.339,-2.102,-1.981,-1.951
Mozambique,"Net migration rate (per 1,000 population)",Total,-0.152,-0.297,0.377,-0.582,-0.434,0.518,2.79,1.133,1.215,0.89,0.424
Myanmar,"Net migration rate (per 1,000 population)",Total,-0.646,-0.657,-1.239,-1.899,-2.174,-2.014,-1.693,-1.827,-1.466,-1.241,-1.225
Namibia,"Net migration rate (per 1,000 population)",Total,-1.581,-1.698,-1.726,-3.507,-3.567,-3.629,-3.693,-3.758,-3.829,-3.884,-3.957
Nauru,"Net migration rate (per 1,000 population)",Total,-10.986,-5.261,-5.506,-8.782,-3.265,-2.906,-2.707,-2.767,-2.829,-3.174,-3.06
Nepal,"Net migration rate (per 1,000 population)",Total,-2.028,9.922,10.504,-2.445,-2.842,-2.766,-3.512,-7.975,-11.23,-13.532,-13.508
Netherlands,"Net migration rate (per 1,000 population)",Total,1.709,3.287,3.379,3.477,3.521,3.527,3.482,3.391,3.242,3.044,2.8
New Caledonia,"Net migration rate (per 1,000 population)",Total,1.726,-4.098,-4.117,-8.152,-8.34,-8.366,-8.234,-7.849,1.818,6.753,6.631
New Zealand,"Net migration rate (per 1,000 population)",Total,2.51,7.479,7.579,21.063,16.764,10.337,10.772,10.326,10.812,5.08,-0.349
Nicaragua,"Net migration rate (per 1,000 population)",Total,-1.151,-1.515,-1.536,-2.957,-3.151,-3.365,-3.606,-3.86,-4.11,-4.335,-4.531
Niger,"Net migration rate (per 1,000 population)",Total,0.038,-0.174,-0.181,-0.673,-0.169,-0.314,0.709,0.847,0.2,-0.137,1.042
Nigeria,"Net migration rate (per 1,000 population)",Total,-0.274,-0.358,-0.023,-0.511,-0.41,0.078,-0.288,-0.793,-0.275,0.061,0.245
Niue,"Net migration rate (per 1,000 population)",Total,0,-2.043,-2.058,23.167,10.646,6.434,3.773,4.339,3.273,2.744,2.209
North America,"Net migration rate (per 1,000 population)",Total,3.316,2.019,2.332,4.179,4.395,4.759,4.884,4.045,4.055,4.421,4.475
North Macedonia,"Net migration rate (per 1,000 population)",Total,-0.478,-0.231,-0.23,-0.467,-0.473,-0.482,-0.551,-0.654,-0.758,-0.826,-0.837
Northern Mariana Islands,"Net migration rate (per 1,000 population)",Total,-1.009,-8.673,-8.655,-16.036,-16.113,-16.231,-16.528,-16.676,-16.911,-17.235,-17.309
Norway,"Net migration rate (per 1,000 population)",Total,5.165,1.964,2.001,4.792,3.468,4.099,5.059,5.861,7.535,8.001,9.567
Oman,"Net migration rate (per 1,000 population)",Total,0,-4.558,-35.546,-22.946,-11.057,1.272,27.283,32.527,19.111,43.099,76.953
"Other, non specified","Net migration rate (per 1,000 population)",Total,1.005,1.107,1.109,1.178,1.24,1.29,1.332,1.366,1.406,1.441,1.499
Pakistan,"Net migration rate (per 1,000 population)",Total,-0.704,-2.035,-2.588,-5.258,-5.942,-7.25,-10.669,-10.244,-9.738,-9.24,-8.116
Palau,"Net migration rate (per 1,000 population)",Total,-1.107,0.166,0.39,0.446,0.447,0.449,0.449,0.45,-2.862,-2.804,-18.709
Panama,"Net migration rate (per 1,000 population)",Total,1.809,1.259,1.275,2.513,2.676,2.704,2.514,2.188,1.829,1.552,1.452
Papua New Guinea,"Net migration rate (per 1,000 population)",Total,-0.079,1.075,1.097,2.411,2.65,2.913,3.205,3.528,3.887,4.288,4.732
Paraguay,"Net migration rate (per 1,000 population)",Total,-1.842,-1.227,-1.243,-2.489,-2.553,-2.613,-2.667,-2.721,-2.785,-2.866,-2.994
Peru,"Net migration rate (per 1,000 population)",Total,-1.78,2.019,2.389,4.169,10.2,3.304,2.596,0.08,-1.659,-3.163,-3.984
Philippines,"Net migration rate (per 1,000 population)",Total,-0.606,-0.703,-0.374,-0.218,-0.142,0.338,0.754,0.067,-2.345,-2.003,-1.591
Poland,"Net migration rate (per 1,000 population)",Total,88.193,-0.077,-0.02,-0.077,-0.227,-0.051,-0.051,-0.659,-0.628,-0.715,-0.313
Portugal,"Net migration rate (per 1,000 population)",Total,0.974,2.656,3.944,4.252,0.99,0.509,-0.786,-0.976,-2.881,-3.498,-3.553
Puerto Rico,"Net migration rate (per 1,000 population)",Total,5.149,-2.273,-2.262,-4.849,-5.207,-18.335,-18.997,-18.353,-18.084,-14.521,-12.238
Qatar,"Net migration rate (per 1,000 population)",Total,0,-11.396,-57.697,5.533,4.224,17.446,54.813,76.6,84.624,69.971,44.777
Republic of Korea,"Net migration rate (per 1,000 population)",Total,0.579,0.839,0,2.142,2.299,2.187,1.992,5.237,5.878,5.77,5.567
Republic of Moldova,"Net migration rate (per 1,000 population)",Total,152.203,-4.653,-4.619,-9.071,-11.423,-13.704,-15.885,-17.964,-19.916,-26.182,-25.622
Romania,"Net migration rate (per 1,000 population)",Total,47.752,-0.658,-0.654,-1.303,-2.947,-2.977,-3.227,-2.489,-1.022,-0.692,-1.066
Russian Federation,"Net migration rate (per 1,000 population)",Total,6.534,2.212,2.343,2.292,2.314,2.411,2.576,2.664,1.809,2.027,2.118
Rwanda,"Net migration rate (per 1,000 population)",Total,-0.653,-0.454,-0.12,-0.921,-0.861,-0.422,-0.218,-1.242,-1.321,-1.425,-1.366
Réunion,"Net migration rate (per 1,000 population)",Total,-0.647,-0.438,-0.442,-1.066,-1.254,-1.455,-7.218,-6.644,0,-6.307,-7.521
Saint Barthélemy,"Net migration rate (per 1,000 population)",Total,0,14.127,14.446,19.077,19.295,19.713,18.884,17.797,13.301,10.458,8.726
"Saint Helena, Ascension and Tristan da Cunha","Net migration rate (per 1,000 population)",Total,0,6.383,2.586,2.021,1.097,2.187,1.635,12.811,12.442,10.455,9.936
Saint Kitts and Nevis,"Net migration rate (per 1,000 population)",Total,0.42,-1.889,-4.001,-3.996,-3.991,-3.989,-3.989,-3.989,-3.989,-3.991,-3.994
Saint Lucia,"Net migration rate (per 1,000 population)",Total,0,0,0,0,0,0,0,0,0,0,0.064
Saint Martin (French part),"Net migration rate (per 1,000 population)",Total,0,-29.242,-28.736,-28.269,-39.222,-23.361,-20.858,-18.709,-24.203,-28.003,-26.322
Saint Pierre and Miquelon,"Net migration rate (per 1,000 population)",Total,0,1.36,1.355,3.056,0,4.713,2.015,3.522,1.003,-0.832,-1.989
Saint Vincent and the Grenadines,"Net migration rate (per 1,000 population)",Total,-1.922,-3.626,-3.616,-7.199,-7.637,-7.995,-12.15,-12.09,-12.041,-14.498,-14.412
Samoa,"Net migration rate (per 1,000 population)",Total,-6.722,-4.023,-4.919,-11.584,-12.977,-13.509,-13.396,-15.292,-15.545,-15.789,-16.094
San Marino,"Net migration rate (per 1,000 population)",Total,2.975,1.216,-4.05,4.34,4.02,8.913,10.225,9.492,3.572,3.279,5.905
Sao Tome and Principe,"Net migration rate (per 1,000 population)",Total,-2.635,-3.543,0,-7.974,-8.284,-8.497,-8.691,-8.911,-9.043,-9.15,-9.086
Saudi Arabia,"Net migration rate (per 1,000 population)",Total,0.797,-4.272,-28.081,6.754,7.257,8.308,5.144,1.844,2.042,2.472,2.888
Senegal,"Net migration rate (per 1,000 population)",Total,-1.154,-0.598,-0.614,-1.247,-1.281,-1.356,-1.674,-2.157,-2.673,-3.366,-3.242
Serbia,"Net migration rate (per 1,000 population)",Total,-1.384,0.033,0.033,0.066,0.45,0.598,0.788,0.98,1.071,0.952,0.523
Seychelles,"Net migration rate (per 1,000 population)",Total,-1.865,1.372,1.385,2.927,2.681,2.547,2.5,2.471,2.687,3.347,3.879
Sierra Leone,"Net migration rate (per 1,000 population)",Total,-0.465,-0.183,0.157,-0.278,-0.349,0.161,0.622,-0.049,0.068,0.398,0.146
Singapore,"Net migration rate (per 1,000 population)",Total,4.528,3.257,3.618,6.953,6.167,6.172,6.412,7.271,10.881,12.397,12.712
Sint Maarten,"Net migration rate (per 1,000 population)",Total,0,4.827,10.957,12.646,15.28,-1.193,23.755,25.919,23.352,43.818,87.909
Slovakia,"Net migration rate (per 1,000 population)",Total,78.261,0.321,0.32,0.62,0.689,0.651,0.678,0.486,0.195,0.236,0.486
Slovenia,"Net migration rate (per 1,000 population)",Total,0.944,2.158,3.634,3.522,3.596,3.562,3.684,3.82,-0.108,0.101,0.106
Solomon Islands,"Net migration rate (per 1,000 population)",Total,-2.206,-1.141,-1.168,-2.372,-2.428,-2.487,-2.549,-2.613,-2.679,-2.748,-2.873
Somalia,"Net migration rate (per 1,000 population)",Total,-1.703,-1,-0.688,3.011,2.653,2.564,8.712,-1.247,0.456,1.613,-4.157
South Africa,"Net migration rate (per 1,000 population)",Total,0.977,0.184,0.525,0.391,0.475,-0.189,-15.237,11.612,5.329,1.185,1.296
South Asia,"Net migration rate (per 1,000 population)",Total,-0.613,-0.487,-0.161,-1.225,-1.308,-1.199,-1.42,-1.983,-1.543,-1.588,-1.42
South Sudan,"Net migration rate (per 1,000 population)",Total,-2.808,-2.962,-6.99,0.196,-28.192,-61.228,-57.57,-14.209,-41.188,5.899,11.818
Spain,"Net migration rate (per 1,000 population)",Total,0.841,5.808,4.418,9.786,7.274,3.602,1.918,-0.019,-2.04,-5.443,-3.089
Sri Lanka,"Net migration rate (per 1,000 population)",Total,-3.543,-4.235,-4.246,-4.374,-4.49,-4.574,-4.606,-4.611,-4.595,-4.589,-4.609
State of Palestine,"Net migration rate (per 1,000 population)",Total,-0.952,-2.406,-2.461,-5.026,-5.217,-5.4,-4.945,-5.092,-6.16,-6.279,-6.412
Sudan,"Net migration rate (per 1,000 population)",Total,-0.213,-0.333,0.002,-0.681,1.768,4.668,2.482,1.286,2.3,-5.135,-6.28
Suriname,"Net migration rate (per 1,000 population)",Total,-1.617,-0.802,-0.515,0.338,-1.451,-1.612,-1.564,-1.695,-1.696,-1.733,-1.815
Sweden,"Net migration rate (per 1,000 population)",Total,3.799,7.682,7.85,7.978,8.052,8.063,8.036,7.95,7.793,7.581,7.294
Switzerland,"Net migration rate (per 1,000 population)",Total,4.587,2.75,6.245,5.091,4.815,5.363,8.471,8.669,9.556,10.425,8.472
Syrian Arab Republic,"Net migration rate (per 1,000 population)",Total,33.738,9.997,13.077,25.21,26.928,-15.347,-7.035,-42.212,-70.161,-92.4,-43.255
Tajikistan,"Net migration rate (per 1,000 population)",Total,-2.007,-0.365,-0.373,-0.77,-1.11,-1.465,-1.836,-2.224,-2.63,-3.052,-3.491
Thailand,"Net migration rate (per 1,000 population)",Total,0.265,0.016,0.497,0.053,0.131,0.622,1.087,0.464,0.792,0.972,1.074
The Republic of Turkey,"Net migration rate (per 1,000 population)",Total,-3.528,-0.822,-0.962,-2.613,-3.157,-3.065,4.65,4.294,9.041,5.152,3.964
Timor-Leste,"Net migration rate (per 1,000 population)",Total,-3.72,-1.511,-2.693,-4.104,-4.232,-4.343,-4.461,-4.574,-1.337,-1.359,-0.676
Togo,"Net migration rate (per 1,000 population)",Total,-0.226,-0.115,-0.118,-0.242,-0.248,-0.254,-0.259,-0.266,-0.272,-0.279,-0.288
Tokelau,"Net migration rate (per 1,000 population)",Total,0,0,0,66.637,76.295,82.587,-22.063,-34.413,-33.601,8.697,61.609
Tonga,"Net migration rate (per 1,000 population)",Total,-7.458,-8.901,-8.967,-17.923,-19.058,-19.785,-20.659,-23.24,-23.393,-23.602,-23.253
Trinidad and Tobago,"Net migration rate (per 1,000 population)",Total,-0.522,1.727,1.563,-12.584,23.878,0.979,-0.07,-0.399,-0.551,-0.552,-0.615
Tunisia,"Net migration rate (per 1,000 population)",Total,-0.324,-0.749,-0.755,-1.626,-1.76,-1.892,-2.037,-2.181,-2.324,-2.388,-2.641
Turkmenistan,"Net migration rate (per 1,000 population)",Total,-0.622,-0.71,-0.72,-1.56,-1.584,-1.61,-1.637,-1.665,-1.695,-1.725,-1.756
Turks and Caicos Islands,"Net migration rate (per 1,000 population)",Total,4.386,15.233,15.523,32.031,34.395,36.407,34.892,46.571,29.141,40.597,39.906
Tuvalu,"Net migration rate (per 1,000 population)",Total,-5.288,-1.338,-1.354,-5.188,-5.231,-14.208,-15.544,-14.51,-13.849,-13.662,0.738
Uganda,"Net migration rate (per 1,000 population)",Total,-2.512,0.948,0.979,2.498,1.463,2.316,3.189,-1.663,-2.536,-4.994,-5.121
Ukraine,"Net migration rate (per 1,000 population)",Total,-155.07,0.019,-0.049,-0.177,-0.748,-1.129,-1.211,-0.488,-1.454,0.752,1.517
United Arab Emirates,"Net migration rate (per 1,000 population)",Total,0,-0.295,-0.297,-0.485,-0.939,-1.421,-1.502,-1.586,-1.691,-1.777,-1.891
United Kingdom,"Net migration rate (per 1,000 population)",Total,2.459,3.007,3.153,3.318,3.477,3.625,3.768,3.905,4.044,4.178,4.281
United Republic of Tanzania,"Net migration rate (per 1,000 population)",Total,-0.61,-0.076,-0.256,-1.082,-0.977,1.8,2.289,3.842,-0.415,0.027,-1.04
United States,"Net migration rate (per 1,000 population)",Total,2.956,1.668,2.013,3.472,3.622,4.187,4.44,3.771,3.892,4.144,4.188
Uruguay,"Net migration rate (per 1,000 population)",Total,-0.438,-0.434,-0.433,-0.846,-0.865,-0.903,-1.027,-1.221,-1.448,-1.671,-1.872
Uzbekistan,"Net migration rate (per 1,000 population)",Total,-0.578,-1.15,-1.168,-2.102,-1.848,-1.519,-1.119,-0.658,-0.669,-0.68,-0.691
Vanuatu,"Net migration rate (per 1,000 population)",Total,0,-0.617,-0.632,-1.323,-1.355,-1.387,-1.425,-2.731,-2.903,-3.121,-3.409
Venezuela (Bolivarian Republic of),"Net migration rate (per 1,000 population)",Total,10.576,-18.451,-18.268,-33.156,-44.487,-26.405,-9.174,-2.533,-2.066,-1.936,-1.869
Viet Nam,"Net migration rate (per 1,000 population)",Total,-0.842,-0.01,-0.021,-0.042,-0.032,-0.041,-0.048,-0.052,-0.053,-0.053,-0.051
Virgin Islands U.S.,"Net migration rate (per 1,000 population)",Total,-4.514,-2.236,0,-4.533,-4.509,-4.614,-5.128,-6.11,-7.21,-8.212,-8.859
Wallis and Futuna,"Net migration rate (per 1,000 population)",Total,-11.68,-7.112,-7.096,-14.489,-14.368,-16.706,-16.534,-17.017,-17.25,-22.312,-26.107
West and Central Africa,"Net migration rate (per 1,000 population)",Total,-0.342,-0.575,-0.181,-0.872,-0.72,-0.384,0.008,-0.644,-0.517,-0.56,-1.033
Western Europe,"Net migration rate (per 1,000 population)",Total,10.363,2.382,2.393,3.111,2.952,2.685,2.506,2.305,1.954,1.707,2.101
World,"Net migration rate (per 1,000 population)",Total,0,0,0,0,0,0,0,0,0,0,0
Yemen,"Net migration rate (per 1,000 population)",Total,-0.89,-3.072,-2.663,-1.26,-1.288,-1.32,-1.355,-1.344,-1.082,-0.879,-0.8
Zambia,"Net migration rate (per 1,000 population)",Total,-0.25,0.463,0.476,0.981,1.011,1.172,1.031,1.003,1.054,1.023,0.611
Zimbabwe,"Net migration rate (per 1,000 population)",Total,-0.612,-1.562,-1.91,-3.895,-3.972,-4.054,-4.137,-4.225,-4.315,-4.41,-5.016